{
  "emulators": {
    "default": {
      "port": 3569,
      "serviceAccount": "emulator-account"
    }
  },
  "contracts": {
    "FungibleToken": {
      "source": "./cadence/contracts/FungibleToken.cdc",
      "aliases": {
        "emulator": "0xee82856bf20e2aa6",
        "testnet": "0x9a0766d93b6608b7"
      }
    },
    "NonFungibleToken": "./cadence/contracts/NonFungibleToken.cdc",
    "FlowToken": {
      "source": "./cadence/contracts/FlowToken.cdc",
      "aliases": {
        "emulator": "0x0ae53cb6e3f42a79",
        "testnet": "0x7e60df042a9c0868"
      }
    },
    "FUSD": {
      "source": "./cadence/contracts/FUSD.cdc",
      "aliases": {
        "testnet": "0xe223d8a629e49c68"
      }
    },
    "ExampleNFT": "./cadence/contracts/ExampleNFT.cdc"
  },
  "deployments": {
    "emulator": {
      "emulator-account": [
        "FUSD",
        "NonFungibleToken",
        "ExampleNFT"
      ]
    }
  },
  "networks": {
    "emulator": "127.0.0.1:3569",
    "mainnet": "access.mainnet.nodes.onflow.org:9000",
    "testnet": "access.devnet.nodes.onflow.org:9000"
  },
  "accounts": {
    "emulator-account": {
      "address": "f8d6e0586b0a20c7",
      "keys": "91a22fbd87392b019fbe332c32695c14cf2ba5b6521476a8540228bdf1987068",
      "chain": "flow-emulator"
    }
  }
}
