{
	"contracts": {
		"ExampleToken": "cadence/contracts/ExampleToken.cdc",
		"SecurityToken": "cadence/contracts/SecurityToken.cdc"
	},
	"networks": {
		"emulator": "127.0.0.1:3569",
		"mainnet": "access.mainnet.nodes.onflow.org:9000",
		"sandboxnet": "access.sandboxnet.nodes.onflow.org:9000",
		"testnet": "access.devnet.nodes.onflow.org:9000"
	},
	"accounts": {
		"emulator-account": {
			"address": "f8d6e0586b0a20c7",
			"key": "4a109bcf97f48c8e06a34b26603444bb21548e276fd43ec4629df39900b7ead1"
		}
	},
	"deployments": {
		"emulator": {
			"emulator-account": [
				"ExampleToken",
				"SecurityToken"
			]
		}
	}
}